species	gene_id	evidence	ncbi_prot_link	paper_title	authors	paper_excerpt
Paracoccidioides lutzii Pb01	PAAG_05486	Aligns to 31:420 / 1012 (38.5%), covers 99.5% of uploaded HMM superfam01, 454.8 bits	http://www.ncbi.nlm.nih.gov/protein/XP_015699814.1	Transcriptional profile of Paracoccidioides spp. in response to itraconazole	da Silva Neto BR, Carvalho PF, Bailão AM, Martins WS, Soares CM, Pereira M.	“...Phosphatidyl synthase ( PHS ) PAAG_03571 6.5e-34 +1 Cellular communication/Signal transduction mechanism FluG Domain-containing protein PAAG_05486 1.0e-53 +1 Leucine rich repeat Igi member 4 ( LGI4 ) PAAG_00833 1.0e-25 +1 Conserved Lysine protein ( LYS ) PAAG_03092 6.2e-43 +2 Unclassified protein Conserved hypothetical protein PAAG_02735 1.3e-39...”
Metarhizium brunneum ARSEF 3297	MBR_09976	Aligns to 66:485 / 1249 (33.6%), covers 99.8% of uploaded HMM superfam01, 453.0 bits	http://www.ncbi.nlm.nih.gov/protein/XP_014540026.1	Terpene Synthase Genes Originated from Bacteria through Horizontal Gene Transfer Contribute to Terpenoid Diversity in Fungi	Jia Q, Chen X, Köllner TG, Rinkel J, Fu J, Labbé J, Xiong W, Dickschat JS, Gershenzon J, Chen F.	“...in nucleotides (nt). ( B ) Schematic genomic organization of MbrBTPSL2 with its neighboring gene Mbr_09976 in M. brunneum . A genomic region spanning MbrBTPSL2 gene and Mbr_09976 was amplified using PCR from genome DNA and confirmed by sequencing. Number indicates distance in nucleotides (nt). Catalytic...”“...genes of MbrBTPSL2 , forward primer MbrBTPSL2NBF was designed at the sixth intron area of MBR_09976, and reverse primer MbrBTPSL2NBR was selected around 340nt from the start codon of MBrBTPSL . For MaaBTPSL , two pairs of primers were designed to amplify partial MaaBTPSL and its...”
Aspergillus fumigatus Af293	AFUA_1G16170, Afu1g16170	Aligns to 24:462 / 812 (54.1%), covers 98.3% of uploaded HMM superfam01, 401.6 bits	http://www.ncbi.nlm.nih.gov/protein/XP_752984.1	Evolutionary Analysis of Sequence Divergence and Diversity of Duplicate Genes in Aspergillus fumigatus	Yang E, Hulse AM, Cai JJ.	“...0.14] Afu8 g06380 3.10 [2.01, 0.04] Afu7g08610 3.50 [1.92, 0.39] Afu5 g15040 3.14 [2.06, 0.04] Afu1g16170 3.16 [2.04, 0.03] Figure 1 Outline of branch-site models used in the study. Notes: The phylogenies illustrate the cases of two A. fumigatus duplicate genes with one A. fisheri ortholog...”
Aspergillus fumigatus Af293	Afu6g09300	2 alignments in 93:774 / 782 (56.4%), covering up to 96.0% of uploaded HMM superfam01, 365.3 bits	http://www.ncbi.nlm.nih.gov/protein/XP_750817.1	Evolutionary Analysis of Sequence Divergence and Diversity of Duplicate Genes in Aspergillus fumigatus	Yang E, Hulse AM, Cai JJ.	“...0.30 [1.32, 1.99] Afu7g04870 1.06 [1.85, 1.46] Afu8g00680 0.26 [1.02, 1.64] Afu3g03620 2.51 [2.16, 0.81] Afu6g09300 0.24 [0.26, 0.69] Afu4g14400 5.15 [1.75, 2.31] Afu6g00270 0.22 [1.33, 1.91] Afu1g11260 2.14 [2.18, 1.23] Afu5g01340 0.21 [1.02, 1.57] Afu4g08720 1.35 [1.83, 1.23] Afu5g00460 0.19 [0.41, 0.86] Afu6g13390 0.96 [1.50,...”“...* C6 finger domain protein 0.00001 Afu2g08040 C6 finger domain protein 30.3% <0.0001 14 1.2 Afu6g09300 C2H2 finger domain protein 0.0001 Afu4g14400 C2H2 finger domain protein 18.5% <0.0001 15 1.1 Afu1g01610 Conserved hypothetical protein 0.00001 Afu4g02880 Conserved hypothetical protein 34.5% <0.001 16 0.0295 Afu5g11240 Oxidoreductase, short...”
Aspergillus fumigatus Af293	Afu4g14400	Aligns to 18:444 / 684 (62.4%), covers 95.3% of uploaded HMM superfam01, 332.1 bits	http://www.ncbi.nlm.nih.gov/protein/XP_751392.1	A population genomic characterization of copy number variation in the opportunistic fungal pathogen Aspergillus fumigatus	Zhao S, Gibbons JG.	“...N/A N/A Afu4g01070 Partial hydrolase activity pathogenesis cell surface; cell wall-bounded periplasmic space; extracellular region Afu4g14400 Complete N/A N/A N/A Afu4g14410 Partial N/A N/A N/A Afu5g02980 Partial DNA binding N/A N/A Afu5g06180 Partial DNA binding N/A N/A Afu5g12720 Partial ATP binding; ATPase activity, coupled to transmembrane...”
Aspergillus fumigatus Af293	AFUA_8G06132	Aligns to 1:321 / 544 (59.0%), covers 77.3% of uploaded HMM superfam01, 298.5 bits	http://www.ncbi.nlm.nih.gov/protein/XP_001481410.1	In-host microevolution of Aspergillus fumigatus: A phenotypic and genotypic analysis	Ballard E, Melchers WJG, Zoll J, Brown AJP, Verweij PE, Warris A.	“...AFUA_8G04520 Cytoskeleton assembly control protein Sla1 Q257K AFUA_8G05780 NACHT and Ankyrin domain protein K618E Q622H AFUA_8G06132 FluG domain protein G81R M90I A135I E142K R79H T82M A135I AFUA_8G06140 Sensor histidine kinase/response regulator A231I F232L M222D S223N T218A AFUA_8G06210 Metalloreductase transmembrane component R479Y AFUA_8G06220 Uncharacterised protein S238L V245I...”
Paracoccidioides brasiliensis Pb18	PADG_11034	Aligns to 32:238 / 349 (59.3%), covers 49.9% of uploaded HMM superfam01, 182.1 bits	http://www.ncbi.nlm.nih.gov/protein/XP_010756643.1	Comparison of the RNA Content of Extracellular Vesicles Derived from Paracoccidioidesbrasiliensis and Paracoccidioides lutzii.	Peres da Silva R, Longo LGV, Cunha JPCD, Sobreira TJP, Rodrigues ML, Faoro H, Goldenberg S, Alves LR, Puccia R.	“...conserved hypothetical portein PADG_07990 MF tam domain methyltransferase PADG_08617 3F/3 R PABG_07734 3R hypothetical protein PADG_11034 5R/5F PABG_11827 5R/5F protein PADG_11035 3F protein PADG_11277 5R protein PADG_11439 5R PABG_00126 5R PAAG_11926 5R hypothetical protein PADG_11473 5R hypothetical protein PADG_11562 MF hypothetical protein PADG_11613 5R hypothetical protein...”
Aspergillus fumigatus Af293	AFUA_3G02550, Afu3g02550	4 alignments in 8:391 / 601 (63.9%), covering up to 23.9% of uploaded HMM superfam01, 53.9 bits	http://www.ncbi.nlm.nih.gov/protein/XP_748576.1	In-host microevolution of Aspergillus fumigatus: A phenotypic and genotypic analysis	Ballard E, Melchers WJG, Zoll J, Brown AJP, Verweij PE, Warris A.	“...repeat family protein E1362K AFUA_2G17600 Conidial pigment polyketide synthase PksP/Alb1 S1197Y AFUA_2G18100 Telomere-associated RecQ helicase AFUA_3G02550 Uncharacterised protein Y33F S34L AFUA_3G02640 Nucleoside-diphosphate-sugar epimerase family protein 237 A243T T248C AFUA_3G03852 C2H2 type zinc finger domain protein C292Y AFUA_3G04300 Actin cytoskeleton organization and biogenesis protein P1125H AFUA_3G07080 UPF0016...”
Paracoccidioides brasiliensis Pb18	PADG_11035	Aligns to 29:157 / 163 (79.1%), covers 21.2% of uploaded HMM superfam01, 49.9 bits	http://www.ncbi.nlm.nih.gov/protein/XP_010756644.1	Comparison of the RNA Content of Extracellular Vesicles Derived from Paracoccidioidesbrasiliensis and Paracoccidioides lutzii.	Peres da Silva R, Longo LGV, Cunha JPCD, Sobreira TJP, Rodrigues ML, Faoro H, Goldenberg S, Alves LR, Puccia R.	“...tam domain methyltransferase PADG_08617 3F/3 R PABG_07734 3R hypothetical protein PADG_11034 5R/5F PABG_11827 5R/5F protein PADG_11035 3F protein PADG_11277 5R protein PADG_11439 5R PABG_00126 5R PAAG_11926 5R hypothetical protein PADG_11473 5R hypothetical protein PADG_11562 MF hypothetical protein PADG_11613 5R hypothetical protein PADG_11652 3R PABG_01675 3R kh...”
Cryptococcus gattii WM276	XP_003196318	2 alignments in 66:680 / 789 (51.1%), covering up to 70.3% of uploaded HMM superfam01, 44.9 bits	http://www.ncbi.nlm.nih.gov/protein/XP_003196318.1	Unisexual reproduction of Cryptococcus gattii	Phadke SS, Feretzaki M, Clancey SA, Mueller O, Heitman J.	“...1B , red triangle) encodes a hypothetical protein in WM276 and NIH312 (CGB_I1005C, Genbank acc. XP_003196318 [50] ), which is missing from 97/433 and has not been previously described for the MAT locus. Moreover, the intergenic regions between the STE20 and ETF1 genes are considerably larger...”
Tolypothrix sp. PCC 7712	HGR01_39925	2 alignments in 31:299 / 310 (83.5%), covering up to 37.4% of uploaded HMM superfam01, 40.3 bits	http://www.ncbi.nlm.nih.gov/protein/WP_045874971.1	Whole-genome sequence of the filamentous diazotrophic cyanobacterium Tolypothrix sp. PCC 7712 and its comparison with non-diazotrophic Tolypothrix sp. PCC 7601	Bozan M, Popp D, Kallies R, da Rocha UN, Klähn S, Bühler K.	“...CP064879 HG267_04935 IS5 family transposase CP063797 HGR01_39920 Restriction endonuclease CP064882 HG267_38370 IS66 family transposase CP063797 HGR01_39925 Tyrosine-type recombinase/integrase CP064879 HG267_01590 IS701 family transposase CP063797 HGR01_39935 GIY-YIG nuclease family protein CP064879 HG267_12995 ltrA CP063797 HGR01_39985 6-Aminohexanoate hydrolase CP064879 HG267_32895 Mechanosensitive ion channel CP063797 HGR01_40010 PT domain-containing protein...”
Bacteroides fragilis YCH46	BF4283	3 alignments in 8:291 / 310 (88.7%), covering up to 30.7% of uploaded HMM superfam01, 31.1 bits	http://www.microbesonline.org/cgi-bin/fetchLocus.cgi?locus=734747	Identification of the site-specific DNA invertase responsible for the phase variation of SusC/SusD family outer membrane proteins in Bacteroides fragilis	Nakayama-Imaohji H, Hirakawa H, Ichimura M, Wakimoto S, Kuhara S, Hayashi T, Kuwahara T.	“...ACTAAGTTCTATCGG BF2765 (mpi) BF0667 BF3038, BF4033, BF4283 BF2766 BF0667 BF0667 Capsular polysaccharide biosynthesis genes susC/susD paralogs Putative outer...”“...DNA inversions to date (BF2766, BF3038, BF4033, and BF4283 corresponding to Tsr19, -25, -15, and -26 in strain NCTC9343, respectively) belong to the same...”
Streptococcus pneumoniae G54	SPG_1258	2 alignments in 3:292 / 298 (84.6%), covering up to 37.2% of uploaded HMM superfam01, 27.9 bits	http://www.microbesonline.org/cgi-bin/fetchLocus.cgi?locus=5756527	Prediction of genomic islands in three bacterial pathogens of pneumonia	Guo FB, Wei W.	“...(SPG_1225, SPG_1227, SPG_1228) IS (SPG_1196, SPG_1202-SPG_1207) S. pneumoniae G54 SPGGI05 1205234 1258720 0.083 37 I (SPG_1258) T (SPG_1260) Transposon (SPG_1242- SPG_1245, SPG_1250- SPG_1252, SPG_1259, SPG_1263-SPG_1267, SPG_1270-SPG_1273, SPG1275, SPG_1282, SPG_1285, SPG_1287- SPG_1293) S. pneumoniae G54 SPGGI06 1988635 2002624 0.011 31 S. pneumoniae G54 SPGGI07 2040970 2078937 0.077...”
Staphylococcus aureus subsp. aureus USA300_FPR3757	SAUSA300_RS07900	2 alignments in 6:284 / 295 (86.4%), covering up to 38.2% of uploaded HMM superfam01, 27.5 bits	http://www.ncbi.nlm.nih.gov/protein/WP_000447733.1	The Staphylococcus aureus Transcriptome during Cystic Fibrosis Lung Infection.	Ibberson CB, Whiteley M.	“...system protein SAUSA300_RS06485 glnA Glutamine synthetase SAUSA300_RS07355 bshA N -Acetyl-alpha- d -glucosaminyl l -malate synthase SAUSA300_RS07900 xerD Tyrosine recombinase SAUSA300_RS07905 fur Ferric uptake regulator SAUSA300_RS09130 ptaA PTS glucose transporter subunit IIBC SAUSA300_RS11445 fbaA Fructose-bisphosphate aldolase SAUSA300_RS11760 htsA ABC transporter substrate-binding protein SAUSA300_RS12210 AcrB/AcrD/AcrF family protein SAUSA300_RS12780...”
Bifidobacterium longum subsp. longum	B8809_1351	2 alignments in 62:315 / 319 (67.1%), covering up to 14.2% of uploaded HMM superfam01, 26.4 bits	http://www.ncbi.nlm.nih.gov/protein/WP_058062704.1	Pangenome analysis of Bifidobacterium longum and site-directed mutagenesis through by-pass of restriction-modification systems	O'Callaghan A, Bottacini F, O'Connell Motherway M, van Sinderen D.	“...subsp. longum NCIMB 8809 I B8809_1350 (S3.blmNCI) HsdS subunit 100% with Bbr12LORF1341 5'G TNNNNNTGCC3'/ 1 B8809_1351 Recombinase - B8809_1352(S2.blmNCI) HsdS subunit 100% with Bbr12LORF1345 3'CT NNNNNACGG5'* B8809_1353(S1.blmNCI) HsdS subunit 100% with Bbr12LORF1345 B8809_1354(M.blmNCI) MTase 100% with BloF8ORF1960P B8809_1355 (R.blmNCI) RTase 100% with BloF8ORF1960P II B8809_0606 (R.blmNCII)...”
Enterococcus faecalis OG1RF	OG1RF_11256	2 alignments in 8:291 / 296 (87.2%), covering up to 40.9% of uploaded HMM superfam01, 26.0 bits	http://www.ncbi.nlm.nih.gov/protein/WP_002357627.1	Membrane adaptation limitations in Enterococcus faecalis underlie sensitivity and the inability to develop significant resistance to conjugated oligoelectrolytes	Chilambi GS, Gao IH, Yoon BK, Park S, Kawakami LM, Ravikumar V, Chan-Park MB, Cho NJ, Bazan GC, Kline KA, Rice SA, Hinks J.	“...found in liaR for EFC3Py. Additional SNPs were also identified in EFC3Py at gene loci: OG1RF_11256, OG1RF_11765 and OG1RF_11767, respectively. Sequencing of strains collected during the course of the in vitro passaging revealed that these strains harbored mutations exclusively in these loci prior to the accumulation...”“...EFC3Py Gene locus Description Strain EFC3C EFC3Py OG1RF_12213 Membrane protein ( liaF ) Ile179 (deletion) OG1RF_11256 Site-specific tyrosine recombinase XerD Ala233Val (substitution) OG1RF_11765 MerR family transcriptional regulator Val134_Asp135insValVal (insertion) OG1RF_11767 Multidrug ABC transporter ATP-binding protein Thr188Asn (substitution) OG1RF_12211 DNA-binding response regulator ( liaR ) Ala98Val (substitution)...”
Bacteroides fragilis YCH46	BF4438	2 alignments in 131:388 / 402 (46.5%), covering up to 21.4% of uploaded HMM superfam01, 23.9 bits	http://www.microbesonline.org/cgi-bin/fetchLocus.cgi?locus=734901	Identification of the site-specific DNA invertase responsible for the phase variation of SusC/SusD family outer membrane proteins in Bacteroides fragilis	Nakayama-Imaohji H, Hirakawa H, Ichimura M, Wakimoto S, Kuhara S, Hayashi T, Kuwahara T.	“...in B. fragilis strain YCH46 (BF1781, BF3522, and BF4438), each containing a unique IR (data not Downloaded from http://jb.asm.org/ on February 10, 2017 by...”
